{"cameraMode":{"drawMode":0,"name":"Shaded","section":"Shading Mode"},"sceneLighting":true,"audioPlay":false,"sceneViewState":{"m_AlwaysRefresh":false,"showFog":true,"showSkybox":true,"showFlares":true,"showImageEffects":true,"showParticleSystems":true,"showVisualEffectGraphs":true,"m_FxEnabled":true},"in2DMode":false,"pivot":{"x":1.914663553237915,"y":-0.20933152735233308,"z":22.123075485229493},"rotation":{"x":0.3378312885761261,"y":-0.043744247406721118,"z":0.015720374882221223,"w":0.940059244632721},"size":1.5187727212905884,"orthographic":false}