{"cameraMode":{"drawMode":0,"name":"Shaded","section":"Shading Mode"},"sceneLighting":true,"audioPlay":false,"sceneViewState":{"m_AlwaysRefresh":false,"showFog":true,"showSkybox":true,"showFlares":true,"showImageEffects":true,"showParticleSystems":true,"showVisualEffectGraphs":true,"m_FxEnabled":true},"in2DMode":false,"pivot":{"x":19.66470718383789,"y":0.4910637140274048,"z":15.659069061279297},"rotation":{"x":-0.005247275810688734,"y":-0.7144721746444702,"z":-0.005358644295483828,"w":0.6996237635612488},"size":0.6042684316635132,"orthographic":true}