{"cameraMode":{"drawMode":0,"name":"Shaded","section":"Shading Mode"},"sceneLighting":true,"audioPlay":false,"sceneViewState":{"m_AlwaysRefresh":false,"showFog":true,"showSkybox":true,"showFlares":true,"showImageEffects":true,"showParticleSystems":true,"showVisualEffectGraphs":true,"m_FxEnabled":true},"in2DMode":false,"pivot":{"x":-1.2918592691421509,"y":-1.4198315143585206,"z":20.553443908691408},"rotation":{"x":0.0679193064570427,"y":0.7129800915718079,"z":-0.06973622739315033,"w":0.6943961381912231},"size":25.443540573120118,"orthographic":true}