{"cameraMode":{"drawMode":0,"name":"Shaded","section":"Shading Mode"},"sceneLighting":true,"audioPlay":false,"sceneViewState":{"m_AlwaysRefresh":false,"showFog":true,"showSkybox":true,"showFlares":true,"showImageEffects":true,"showParticleSystems":true,"showVisualEffectGraphs":true,"m_FxEnabled":true},"in2DMode":false,"pivot":{"x":4.096551418304443,"y":0.4451756179332733,"z":85.98211669921875},"rotation":{"x":0.7081595063209534,"y":0.003177282400429249,"z":-0.00318711344152689,"w":0.7060384154319763},"size":15.012123107910157,"orthographic":true}