{"cameraMode":{"drawMode":0,"name":"Shaded","section":"Shading Mode"},"sceneLighting":true,"audioPlay":false,"sceneViewState":{"m_AlwaysRefresh":false,"showFog":true,"showSkybox":true,"showFlares":true,"showImageEffects":true,"showParticleSystems":true,"showVisualEffectGraphs":true,"m_FxEnabled":true},"in2DMode":false,"pivot":{"x":2.0799999237060549,"y":0.18700000643730164,"z":5.209000110626221},"rotation":{"x":0.12145785242319107,"y":0.14035485684871674,"z":-0.017352528870105745,"w":0.9824771881103516},"size":2.425954580307007,"orthographic":true}