{"cameraMode":{"drawMode":0,"name":"Shaded","section":"Shading Mode"},"sceneLighting":true,"audioPlay":false,"sceneViewState":{"m_AlwaysRefresh":false,"showFog":true,"showSkybox":true,"showFlares":true,"showImageEffects":true,"showParticleSystems":true,"showVisualEffectGraphs":true,"m_FxEnabled":true},"in2DMode":false,"pivot":{"x":2.930000066757202,"y":0.2000049650669098,"z":111.43744659423828},"rotation":{"x":0.09000217169523239,"y":0.129593163728714,"z":-0.01180976815521717,"w":0.9874146580696106},"size":1.5235252380371094,"orthographic":false}