{"cameraMode":{"drawMode":0,"name":"Shaded","section":"Shading Mode"},"sceneLighting":false,"audioPlay":false,"sceneViewState":{"m_AlwaysRefresh":false,"showFog":false,"showSkybox":false,"showFlares":false,"showImageEffects":false,"showParticleSystems":false,"showVisualEffectGraphs":true,"m_FxEnabled":true},"in2DMode":false,"pivot":{"x":-0.00006198883056640625,"y":0.8315955400466919,"z":0.02771604061126709},"rotation":{"x":-0.07350435853004456,"y":-0.08009721338748932,"z":0.0059229107573628429,"w":-0.9940558075904846},"size":1.321262240409851,"orthographic":false}