{"cameraMode":{"drawMode":0,"name":"Shaded","section":"Shading Mode"},"sceneLighting":false,"audioPlay":false,"sceneViewState":{"m_AlwaysRefresh":false,"showFog":false,"showSkybox":false,"showFlares":false,"showImageEffects":false,"showParticleSystems":false,"showVisualEffectGraphs":true,"m_FxEnabled":true},"in2DMode":false,"pivot":{"x":0.12186643481254578,"y":0.4898782968521118,"z":0.06950229406356812},"rotation":{"x":-0.06846672296524048,"y":-0.3183821439743042,"z":0.023062489926815034,"w":-0.9452053904533386},"size":0.6635760068893433,"orthographic":false}