{"cameraMode":{"drawMode":0,"name":"Shaded","section":"Shading Mode"},"sceneLighting":false,"audioPlay":false,"sceneViewState":{"m_AlwaysRefresh":false,"showFog":false,"showSkybox":false,"showFlares":false,"showImageEffects":false,"showParticleSystems":false,"showVisualEffectGraphs":true,"m_FxEnabled":true},"in2DMode":false,"pivot":{"x":-0.05758568271994591,"y":0.7740233540534973,"z":-1.1413403749465943},"rotation":{"x":0.0008302880451083183,"y":0.9989034533500671,"z":0.019480982795357705,"w":-0.04258129000663757},"size":0.8569556474685669,"orthographic":false}